["bullet_tournament",15,2100]	2035
["bullet_tournament",15,2200]	1431
["bullet_tournament",15,2300]	830
["bullet_tournament",15,2400]	369
["bullet_tournament",15,2500]	154
["bullet_tournament",15,2600]	14
["bullet_tournament",15,2700]	2
["bullet_tournament",16,1500]	1179
["bullet_tournament",16,1600]	3722
["bullet_tournament",16,1700]	5137
["bullet_tournament",16,1800]	5816
["bullet_tournament",16,1900]	6638
["bullet_tournament",16,2000]	5594
["bullet_tournament",16,2100]	4046
["bullet_tournament",16,2200]	2672
["bullet_tournament",16,2300]	2045
["bullet_tournament",16,2400]	1129
["bullet_tournament",16,2500]	591
["bullet_tournament",16,2600]	239
["bullet_tournament",16,2700]	47
["bullet_tournament",16,2800]	6
["bullet_tournament",17,1500]	935
["bullet_tournament",17,1600]	2859
["bullet_tournament",17,1700]	3638
["bullet_tournament",17,1800]	4698
["bullet_tournament",17,1900]	5232
["bullet_tournament",17,2000]	4787
["bullet_tournament",17,2100]	3425
["bullet_tournament",17,2200]	1835
["bullet_tournament",17,2300]	1285
["bullet_tournament",17,2400]	716
["bullet_tournament",17,2500]	354
["bullet_tournament",17,2600]	124
["bullet_tournament",17,2700]	27
["bullet_tournament",18,1500]	1057
["bullet_tournament",18,1600]	2693
["bullet_tournament",18,1700]	3462
["bullet_tournament",18,1800]	3941
["bullet_tournament",18,1900]	4162
["bullet_tournament",18,2000]	3771
["bullet_tournament",18,2100]	2456
["bullet_tournament",18,2200]	1483
["bullet_tournament",18,2300]	879
["bullet_tournament",18,2400]	380
["bullet_tournament",18,2500]	128
["bullet_tournament",18,2600]	82
["bullet_tournament",18,2700]	3
["bullet_tournament",18,2800]	4
["bullet_tournament",19,1500]	838
["bullet_tournament",19,1600]	2566
["bullet_tournament",19,1700]	3154
["bullet_tournament",19,1800]	3638
["bullet_tournament",19,1900]	3765
["bullet_tournament",19,2000]	3341
["bullet_tournament",19,2100]	2222
["bullet_tournament",19,2200]	1364
["bullet_tournament",19,2300]	869
["bullet_tournament",19,2400]	320
["bullet_tournament",19,2500]	106
["bullet_tournament",19,2600]	15
["bullet_tournament",19,2700]	9
["bullet_tournament",2,1500]	390
["bullet_tournament",2,1600]	952
["bullet_tournament",2,1700]	1361
["bullet_tournament",2,1800]	1631
["bullet_tournament",2,1900]	1607
["bullet_tournament",2,2000]	1430
["bullet_tournament",2,2100]	870
["bullet_tournament",2,2200]	532
["bullet_tournament",2,2300]	295
["bullet_tournament",2,2400]	132
["bullet_tournament",2,2500]	80
["bullet_tournament",2,2600]	22
["bullet_tournament",2,2700]	7
["bullet_tournament",20,1500]	1040
["bullet_tournament",20,1600]	3320
["bullet_tournament",20,1700]	4945
["bullet_tournament",20,1800]	6253
["bullet_tournament",20,1900]	7516
["bullet_tournament",20,2000]	7119
["bullet_tournament",20,2100]	5340
["bullet_tournament",20,2200]	3173
["bullet_tournament",20,2300]	2089
["bullet_tournament",20,2400]	1618
["bullet_tournament",20,2500]	621
["bullet_tournament",20,2600]	171
["bullet_tournament",20,2700]	41
["bullet_tournament",20,2800]	2
["bullet_tournament",20,2900]	3
["bullet_tournament",21,1500]	825
["bullet_tournament",21,1600]	2182
["bullet_tournament",21,1700]	2864
["bullet_tournament",21,1800]	3402
["bullet_tournament",21,1900]	4129
["bullet_tournament",21,2000]	4353
["bullet_tournament",21,2100]	3012
["bullet_tournament",21,2200]	1918
["bullet_tournament",21,2300]	1665
["bullet_tournament",21,2400]	1437
["bullet_tournament",21,2500]	711
["bullet_tournament",21,2600]	298
["bullet_tournament",21,2700]	278
["bullet_tournament",21,2800]	237
["bullet_tournament",21,2900]	44
["bullet_tournament",22,1500]	828
["bullet_tournament",22,1600]	2470
["bullet_tournament",22,1700]	3427
["bullet_tournament",22,1800]	3995
["bullet_tournament",22,1900]	5150
["bullet_tournament",22,2000]	5099
["bullet_tournament",22,2100]	3480
["bullet_tournament",22,2200]	1916
["bullet_tournament",22,2300]	1590
["bullet_tournament",22,2400]	1503
["bullet_tournament",22,2500]	838
["bullet_tournament",22,2600]	242
["bullet_tournament",22,2700]	375
["bullet_tournament",22,2800]	207
["bullet_tournament",22,2900]	44
["bullet_tournament",23,1500]	503
["bullet_tournament",23,1600]	1465
["bullet_tournament",23,1700]	2112
["bullet_tournament",23,1800]	2890
["bullet_tournament",23,1900]	3311
["bullet_tournament",23,2000]	2898
["bullet_tournament",23,2100]	1845
["bullet_tournament",23,2200]	1241
["bullet_tournament",23,2300]	663
["bullet_tournament",23,2400]	397
["bullet_tournament",23,2500]	250
["bullet_tournament",23,2600]	108
["bullet_tournament",23,2700]	23
["bullet_tournament",3,1500]	339
["bullet_tournament",3,1600]	839
["bullet_tournament",3,1700]	1388
["bullet_tournament",3,1800]	1597
["bullet_tournament",3,1900]	1611
["bullet_tournament",3,2000]	1471
["bullet_tournament",3,2100]	891
["bullet_tournament",3,2200]	654
["bullet_tournament",3,2300]	245
["bullet_tournament",3,2400]	85
["bullet_tournament",3,2500]	22
["bullet_tournament",3,2600]	11
["bullet_tournament",4,1500]	451
["bullet_tournament",4,1600]	1177
["bullet_tournament",4,1700]	1878
["bullet_tournament",4,1800]	2067
["bullet_tournament",4,1900]	2427
["bullet_tournament",4,2000]	2284
["bullet_tournament",4,2100]	1645
["bullet_tournament",4,2200]	1142
["bullet_tournament",4,2300]	510
["bullet_tournament",4,2400]	98
["bullet_tournament",4,2500]	78
["bullet_tournament",4,2600]	33
["bullet_tournament",4,2700]	8
["bullet_tournament",5,1500]	373
["bullet_tournament",5,1600]	1130
["bullet_tournament",5,1700]	1534
["bullet_tournament",5,1800]	1864
["bullet_tournament",5,1900]	2105
["bullet_tournament",5,2000]	1922
["bullet_tournament",5,2100]	1310
["bullet_tournament",5,2200]	795
["bullet_tournament",5,2300]	301
["bullet_tournament",5,2400]	119
["bullet_tournament",5,2500]	58
["bullet_tournament",5,2600]	5
["bullet_tournament",5,2700]	5
["bullet_tournament",6,1500]	331
["bullet_tournament",6,1600]	1172
["bullet_tournament",6,1700]	1283
["bullet_tournament",6,1800]	1522
["bullet_tournament",6,1900]	1764
["bullet_tournament",6,2000]	1423
["bullet_tournament",6,2100]	1104
["bullet_tournament",6,2200]	616
["bullet_tournament",6,2300]	219
["bullet_tournament",6,2400]	116
["bullet_tournament",6,2500]	23
["bullet_tournament",7,1500]	501
["bullet_tournament",7,1600]	1260
["bullet_tournament",7,1700]	1667
["bullet_tournament",7,1800]	1668
["bullet_tournament",7,1900]	1852
["bullet_tournament",7,2000]	1743
["bullet_tournament",7,2100]	1245
["bullet_tournament",7,2200]	715
["bullet_tournament",7,2300]	288
["bullet_tournament",7,2400]	135
["bullet_tournament",7,2500]	43
["bullet_tournament",7,2600]	1
["bullet_tournament",7,2700]	8
["bullet_tournament",8,1500]	470
["bullet_tournament",8,1600]	1568
["bullet_tournament",8,1700]	1827
["bullet_tournament",8,1800]	1977
["bullet_tournament",8,1900]	2409
["bullet_tournament",8,2000]	1906
["bullet_tournament",8,2100]	1396
["bullet_tournament",8,2200]	883
["bullet_tournament",8,2300]	427
["bullet_tournament",8,2400]	233
["bullet_tournament",8,2500]	84
["bullet_tournament",8,2600]	30
["bullet_tournament",8,2700]	3
["bullet_tournament",9,1500]	301
["bullet_tournament",9,1600]	783
["bullet_tournament",9,1700]	1054
["bullet_tournament",9,1800]	1131
["bullet_tournament",9,1900]	1259
["bullet_tournament",9,2000]	1176
["bullet_tournament",9,2100]	744
["bullet_tournament",9,2200]	424
["bullet_tournament",9,2300]	326
["bullet_tournament",9,2400]	160
["bullet_tournament",9,2500]	31
["bullet_tournament",9,2600]	8
["bullet_tournament",9,2700]	14
["classical",0,1500]	1882
["classical",0,1600]	5143
["classical",0,1700]	5778
["classical",0,1800]	5933
["classical",0,1900]	4383
["classical",0,2000]	2727
["classical",0,2100]	1384
["classical",0,2200]	592
["classical",0,2300]	266
["classical",0,2400]	105
["classical",0,2500]	31
["classical",0,2600]	3
["classical",1,1500]	1656
["classical",1,1600]	4578
["classical",1,1700]	5083
["classical",1,1800]	5211
["classical",1,1900]	3797
["classical",1,2000]	2602
["classical",1,2100]	1363
["classical",1,2200]	555
["classical",1,2300]	253
["classical",1,2400]	97
["classical",1,2500]	19
["classical",1,2600]	4
["classical",10,1500]	2612
["classical",10,1600]	7434
["classical",10,1700]	9144
["classical",10,1800]	9182
["classical",10,1900]	7479
["classical",10,2000]	4924
["classical",10,2100]	2483
["classical",10,2200]	1118
["classical",10,2300]	352
["classical",10,2400]	133
["classical",10,2500]	49
["classical",10,2600]	16
["classical",11,1500]	2906
["classical",11,1600]	8091
["classical",11,1700]	9575
["classical",11,1800]	9909
["classical",11,1900]	7873
["blitz_tournament",10,2200]	555
["blitz_tournament",10,2300]	209
["blitz_tournament",10,2400]	136
["blitz_tournament",10,2500]	22
["blitz_tournament",10,2600]	9
["blitz_tournament",11,1500]	530
["blitz_tournament",11,1600]	1606
["blitz_tournament",11,1700]	2442
["blitz_tournament",11,1800]	3265
["blitz_tournament",11,1900]	3425
["blitz_tournament",11,2000]	2403
["blitz_tournament",11,2100]	1325
["blitz_tournament",11,2200]	707
["blitz_tournament",11,2300]	284
["blitz_tournament",11,2400]	159
["blitz_tournament",11,2500]	17
["blitz_tournament",12,1500]	730
["blitz_tournament",12,1600]	1983
["blitz_tournament",12,1700]	2677
["blitz_tournament",12,1800]	3789
["blitz_tournament",12,1900]	3401
["blitz_tournament",12,2000]	2811
["blitz_tournament",12,2100]	1577
["blitz_tournament",12,2200]	684
["blitz_tournament",12,2300]	234
["blitz_tournament",12,2400]	148
["blitz_tournament",12,2500]	33
["blitz_tournament",12,2600]	6
["blitz_tournament",13,1500]	662
["blitz_tournament",13,1600]	2064
["blitz_tournament",13,1700]	3198
["blitz_tournament",13,1800]	4078
["blitz_tournament",13,1900]	4011
["blitz_tournament",13,2000]	2903
["blitz_tournament",13,2100]	1668
["blitz_tournament",13,2200]	835
["blitz_tournament",13,2300]	302
["blitz_tournament",13,2400]	135
["blitz_tournament",13,2500]	42
["blitz_tournament",13,2600]	10
["blitz_tournament",13,2900]	1
["blitz_tournament",14,1500]	601
["blitz_tournament",14,1600]	2099
["blitz_tournament",14,1700]	3326
["blitz_tournament",14,1800]	4269
["blitz_tournament",14,1900]	3966
["blitz_tournament",14,2000]	3238
["blitz_tournament",14,2100]	1745
["blitz_tournament",14,2200]	809
["blitz_tournament",14,2300]	249
["blitz_tournament",14,2400]	102
["blitz_tournament",14,2500]	37
["blitz_tournament",14,2600]	3
["blitz_tournament",14,2900]	1
["blitz_tournament",15,1500]	821
["blitz_tournament",15,1600]	2740
["blitz_tournament",15,1700]	4203
["blitz_tournament",15,1800]	5485
["blitz_tournament",15,1900]	4722
["blitz_tournament",15,2000]	3516
["blitz_tournament",15,2100]	1804
["blitz_tournament",15,2200]	826
["blitz_tournament",15,2300]	283
["blitz_tournament",15,2400]	90
["blitz_tournament",15,2500]	23
["blitz_tournament",15,2600]	14
["blitz_tournament",16,1500]	879
["blitz_tournament",16,1600]	2575
["blitz_tournament",16,1700]	3475
["blitz_tournament",16,1800]	4437
["blitz_tournament",16,1900]	4371
["blitz_tournament",16,2000]	3376
["blitz_tournament",16,2100]	1605
["blitz_tournament",16,2200]	844
["blitz_tournament",16,2300]	299
["blitz_tournament",16,2400]	112
["blitz_tournament",16,2500]	36
["blitz_tournament",16,2600]	7
["blitz_tournament",17,1500]	965
["blitz_tournament",17,1600]	2801
["blitz_tournament",17,1700]	4329
["blitz_tournament",17,1800]	5787
["blitz_tournament",17,1900]	5785
["blitz_tournament",17,2000]	4689
["blitz_tournament",17,2100]	2568
["blitz_tournament",17,2200]	1605
["blitz_tournament",17,2300]	676
["blitz_tournament",17,2400]	258
["blitz_tournament",17,2500]	168
["blitz_tournament",17,2600]	47
["blitz_tournament",17,2700]	8
["blitz_tournament",18,1500]	1578
["blitz_tournament",18,1600]	3935
["blitz_tournament",18,1700]	4944
["blitz_tournament",18,1800]	6349
["blitz_tournament",18,1900]	5775
["blitz_tournament",18,2000]	4448
["blitz_tournament",18,2100]	2489
["blitz_tournament",18,2200]	1339
["blitz_tournament",18,2300]	592
["blitz_tournament",18,2400]	211
["blitz_tournament",18,2500]	119
["blitz_tournament",18,2600]	42
["blitz_tournament",18,2700]	10
["blitz_tournament",19,1500]	946
["blitz_tournament",19,1600]	2803
["blitz_tournament",19,1700]	4458
["blitz_tournament",19,1800]	5782
["blitz_tournament",19,1900]	5437
["blitz_tournament",19,2000]	4112
["blitz_tournament",19,2100]	2288
["blitz_tournament",19,2200]	1199
["blitz_tournament",19,2300]	466
["blitz_tournament",19,2400]	198
["blitz_tournament",19,2500]	61
["blitz_tournament",19,2600]	26
["blitz_tournament",19,2700]	17
["blitz_tournament",2,1500]	268
["blitz_tournament",2,1600]	1031
["blitz_tournament",2,1700]	1606
["blitz_tournament",2,1800]	2050
["blitz_tournament",2,1900]	1972
["blitz",17,1600]	14766
["blitz",17,1700]	18083
["blitz",17,1800]	18348
["blitz",17,1900]	14794
["blitz",17,2000]	11723
["blitz",17,2100]	7823
["blitz",17,2200]	4741
["blitz",17,2300]	2335
["blitz",17,2400]	1286
["blitz",17,2500]	435
["blitz",17,2600]	220
["blitz",17,2700]	37
["blitz",17,2800]	6
["blitz",18,1500]	5099
["blitz",18,1600]	14330
["blitz",18,1700]	17992
["blitz",18,1800]	18428
["blitz",18,1900]	15199
["blitz",18,2000]	12232
["blitz",18,2100]	8303
["blitz",18,2200]	4800
["blitz",18,2300]	2597
["blitz",18,2400]	1261
["blitz",18,2500]	508
["blitz",18,2600]	231
["blitz",18,2700]	48
["blitz",18,2800]	4
["blitz",19,1500]	4970
["blitz",19,1600]	14384
["blitz",19,1700]	17259
["blitz",19,1800]	17674
["blitz",19,1900]	14449
["blitz",19,2000]	11603
["blitz",19,2100]	7892
["blitz",19,2200]	4690
["blitz",19,2300]	2504
["blitz",19,2400]	1264
["blitz",19,2500]	551
["blitz",19,2600]	223
["blitz",19,2700]	32
["blitz",19,2800]	7
["blitz",2,1500]	2106
["blitz",2,1600]	5436
["blitz",2,1700]	6634
["blitz",2,1800]	6716
["blitz",2,1900]	5710
["blitz",2,2000]	4654
["blitz",2,2100]	2896
["blitz",2,2200]	1854
["blitz",2,2300]	856
["blitz",2,2400]	422
["blitz",2,2500]	188
["blitz",2,2600]	40
["blitz",2,2700]	6
["blitz",20,1500]	4921
["blitz",20,1600]	13752
["blitz",20,1700]	16836
["blitz",20,1800]	17368
["blitz",20,1900]	14507
["blitz",20,2000]	11454
["blitz",20,2100]	7650
["blitz",20,2200]	4748
["blitz",20,2300]	2450
["blitz",20,2400]	1319
["blitz",20,2500]	493
["blitz",20,2600]	215
["blitz",20,2700]	21
["blitz",20,2800]	13
["blitz",21,1500]	4352
["blitz",21,1600]	12560
["blitz",21,1700]	15601
["blitz",21,1800]	15788
["blitz",21,1900]	13734
["blitz",21,2000]	10937
["blitz",21,2100]	7292
["blitz",21,2200]	4596
["blitz",21,2300]	2503
["blitz",21,2400]	1254
["blitz",21,2500]	376
["blitz",21,2600]	125
["blitz",21,2700]	39
["blitz",21,2800]	15
["blitz",22,1500]	3933
["blitz",22,1600]	10587
["blitz",22,1700]	13313
["blitz",22,1800]	13253
["blitz",22,1900]	11107
["blitz",22,2000]	9150
["blitz",22,2100]	6152
["blitz",22,2200]	3767
["blitz",22,2300]	2146
["blitz",22,2400]	1024
["blitz",22,2500]	389
["blitz",22,2600]	97
["blitz",22,2700]	30
["blitz",22,2800]	9
["blitz",23,1500]	3061
["blitz",23,1600]	8462
["blitz",23,1700]	10516
["blitz",23,1800]	10591
["blitz",23,1900]	8977
["blitz",23,2000]	7376
["blitz",23,2100]	4846
["blitz",23,2200]	2995
["blitz",23,2300]	1654
["blitz",23,2400]	825
["blitz",23,2500]	343
["blitz",23,2600]	87
["blitz",23,2700]	24
["blitz",23,2800]	6
["blitz",23,2900]	1
["blitz",3,1500]	2015
["blitz",3,1600]	5199
["blitz",3,1700]	6399
["blitz",3,1800]	6615
["blitz",3,1900]	5656
["blitz",3,2000]	4341
["blitz",3,2100]	2805
["blitz",3,2200]	1857
["blitz",3,2300]	909
["blitz",3,2400]	398
["blitz",3,2500]	223
["blitz",3,2600]	54
["blitz",3,2700]	6
["blitz",4,1500]	1923
["blitz",4,1600]	5180
["blitz",4,1700]	6566
["blitz",4,1800]	6767
["blitz",4,1900]	5370
["blitz",4,2000]	4583
["blitz",4,2100]	2752
["blitz",4,2200]	1784
["blitz",4,2300]	875
["blitz",4,2400]	393
["blitz",4,2500]	143
["blitz",4,2600]	69
["blitz",4,2700]	15
["blitz",4,2900]	1
["blitz",5,1500]	2042
["blitz",5,1600]	5441
["blitz",5,1700]	6939
["blitz",5,1800]	7258
["blitz",5,1900]	5759
["blitz",5,2000]	4643
["blitz",5,2100]	3031
["blitz",5,2200]	1793
["blitz",5,2300]	924
["blitz",5,2400]	404
["blitz",5,2500]	177
["blitz",5,2600]	58
["blitz",5,2700]	13
["blitz",5,2900]	1
["blitz",6,1500]	2215
["blitz",6,1600]	6312
["blitz",6,1700]	7830
["blitz",6,1800]	8151
["blitz",6,1900]	6515
["blitz",6,2000]	5454
["blitz",6,2100]	3563
["blitz",6,2200]	2015
["blitz",6,2300]	1050
["blitz",6,2400]	492
["blitz",6,2500]	203
["blitz",6,2600]	76
["blitz",6,2700]	6
["blitz",7,1500]	2459
["blitz",7,1600]	7546
["blitz",7,1700]	9398
["blitz",7,1800]	9580
["blitz",7,1900]	7493
["blitz",7,2000]	6000
["blitz",7,2100]	3971
["blitz",7,2200]	2410
["blitz",7,2300]	1179
["blitz",7,2400]	566
["blitz",7,2500]	244
["blitz",7,2600]	115
["blitz",7,2700]	15
["blitz",8,1500]	2875
["blitz",8,1600]	8600
["blitz",8,1700]	10662
["blitz",8,1800]	11060
["blitz",8,1900]	8610
["blitz",8,2000]	6783
["blitz",8,2100]	4782
["blitz",8,2200]	2719
["blitz",8,2300]	1370
["blitz",8,2400]	694
["blitz",8,2500]	251
["blitz",8,2600]	114
["blitz",8,2700]	25
["blitz",8,2800]	1
["blitz",9,1500]	3337
["blitz",9,1600]	10128
["blitz",9,1700]	11816
["blitz",9,1800]	11995
["blitz",9,1900]	9696
["blitz",9,2000]	7856
["blitz",9,2100]	5172
["blitz",9,2200]	3213
["blitz",9,2300]	1609
["blitz",9,2400]	854
["blitz",9,2500]	311
["blitz",9,2600]	140
["blitz",9,2700]	26
["blitz_tournament",0,1500]	457
["blitz_tournament",0,1600]	1359
["blitz_tournament",0,1700]	1955
["blitz_tournament",0,1800]	2395
["blitz_tournament",0,1900]	2278
["blitz_tournament",0,2000]	1565
["blitz_tournament",0,2100]	904
["blitz_tournament",0,2200]	559
["blitz_tournament",0,2300]	231
["blitz_tournament",0,2400]	98
["blitz_tournament",0,2500]	19
["blitz_tournament",0,2600]	5
["blitz_tournament",0,2700]	5
["blitz_tournament",0,2800]	1
["blitz_tournament",1,1500]	314
["blitz_tournament",1,1600]	1185
["blitz_tournament",1,1700]	1979
["blitz_tournament",1,1800]	2263
["blitz_tournament",1,1900]	2372
["blitz_tournament",1,2000]	1647
["blitz_tournament",1,2100]	902
["blitz_tournament",1,2200]	532
["blitz_tournament",1,2300]	163
["blitz_tournament",1,2400]	70
["blitz_tournament",1,2500]	19
["blitz_tournament",1,2600]	5
["blitz_tournament",1,2700]	6
["blitz_tournament",10,1500]	680
["blitz_tournament",10,1600]	1756
["blitz_tournament",10,1700]	2457
["blitz_tournament",10,1800]	3241
["blitz_tournament",10,1900]	3168
["blitz_tournament",10,2000]	2389
["blitz_tournament",10,2100]	1278
["classical",16,2100]	3256
["classical",16,2200]	1411
["classical",16,2300]	538
["classical",16,2400]	218
["classical",16,2500]	35
["classical",16,2600]	8
["classical",17,1500]	3816
["classical",17,1600]	10630
["classical",17,1700]	12684
["classical",17,1800]	12911
["classical",17,1900]	10058
["classical",17,2000]	6352
["classical",17,2100]	3331
["classical",17,2200]	1397
["classical",17,2300]	549
["classical",17,2400]	236
["classical",17,2500]	62
["classical",17,2600]	9
["classical",18,1500]	3906
["classical",18,1600]	10996
["classical",18,1700]	13057
["classical",18,1800]	13129
["classical",18,1900]	10332
["classical",18,2000]	6582
["classical",18,2100]	3304
["classical",18,2200]	1438
["classical",18,2300]	547
["classical",18,2400]	225
["classical",18,2500]	53
["classical",18,2600]	10
["classical",19,1500]	3657
["classical",19,1600]	10372
["classical",19,1700]	12762
["classical",19,1800]	12517
["classical",19,1900]	9430
["classical",19,2000]	6060
["classical",19,2100]	3158
["classical",19,2200]	1471
["classical",19,2300]	508
["classical",19,2400]	243
["classical",19,2500]	43
["classical",19,2600]	7
["classical",2,1500]	1487
["classical",2,1600]	4241
["classical",2,1700]	4693
["classical",2,1800]	4841
["classical",2,1900]	3525
["classical",2,2000]	2282
["classical",2,2100]	1168
["classical",2,2200]	536
["classical",2,2300]	185
["classical",2,2400]	85
["classical",2,2500]	16
["classical",2,2600]	5
["classical",20,1500]	3511
["classical",20,1600]	10019
["classical",20,1700]	12375
["classical",20,1800]	11867
["classical",20,1900]	8965
["classical",20,2000]	5640
["classical",20,2100]	2966
["classical",20,2200]	1342
["classical",20,2300]	513
["classical",20,2400]	208
["classical",20,2500]	39
["classical",20,2600]	12
["classical",21,1500]	3305
["classical",21,1600]	9200
["classical",21,1700]	11195
["classical",21,1800]	10636
["classical",21,1900]	7986
["classical",21,2000]	5048
["classical",21,2100]	2687
["classical",21,2200]	1162
["classical",21,2300]	454
["classical",21,2400]	158
["classical",21,2500]	49
["classical",21,2600]	10
["classical",22,1500]	2788
["classical",22,1600]	7776
["classical",22,1700]	9111
["classical",22,1800]	8802
["classical",22,1900]	6494
["classical",22,2000]	3956
["classical",22,2100]	2063
["classical",22,2200]	969
["classical",22,2300]	354
["classical",22,2400]	153
["classical",22,2500]	48
["classical",22,2600]	7
["classical",23,1500]	2132
["classical",23,1600]	6043
["classical",23,1700]	6975
["classical",23,1800]	7171
["classical",23,1900]	5250
["classical",23,2000]	3166
["classical",23,2100]	1640
["classical",23,2200]	756
["classical",23,2300]	301
["classical",23,2400]	120
["classical",23,2500]	41
["classical",23,2600]	5
["classical",23,2700]	2
["classical",3,1500]	1431
["classical",3,1600]	4201
["classical",3,1700]	4613
["classical",3,1800]	4562
["classical",3,1900]	3511
["classical",3,2000]	2264
["classical",3,2100]	1144
["classical",3,2200]	488
["classical",3,2300]	182
["classical",3,2400]	89
["classical",3,2500]	18
["classical",3,2600]	2
["classical",4,1500]	1408
["classical",4,1600]	3873
["classical",4,1700]	4385
["classical",4,1800]	4496
["classical",4,1900]	3599
["classical",4,2000]	2322
["classical",4,2100]	1196
["classical",4,2200]	497
["classical",4,2300]	184
["classical",4,2400]	79
["classical",4,2500]	17
["classical",4,2600]	4
["classical",4,2700]	3
["classical",5,1500]	1507
["classical",5,1600]	3977
["classical",5,1700]	4677
["classical",5,1800]	4908
["classical",5,1900]	3803
["classical",5,2000]	2522
["classical",5,2100]	1345
["classical",5,2200]	580
["classical",5,2300]	223
["classical",5,2400]	88
["classical",5,2500]	22
["classical",5,2600]	2
["classical",5,2700]	1
["classical",6,1500]	1676
["classical",6,1600]	4752
["classical",6,1700]	5360
["classical",6,1800]	5725
["classical",6,1900]	4344
["classical",6,2000]	2974
["classical",6,2100]	1451
["classical",6,2200]	741
["classical",6,2300]	253
["classical",6,2400]	91
["classical",6,2500]	12
["classical",6,2600]	11
["classical",6,2700]	1
["classical",7,1500]	2038
["classical",7,1600]	5608
["classical",7,1700]	6441
["classical",7,1800]	6660
["classical",7,1900]	5135
["classical",7,2000]	3471
["classical",7,2100]	1786
["classical",7,2200]	841
["classical",7,2300]	324
["classical",7,2400]	118
["classical",7,2500]	30
["classical",7,2600]	10
["classical",7,2700]	3
["classical",8,1500]	2153
["classical",8,1600]	6217
["classical",8,1700]	7430
["classical",8,1800]	7868
["classical",8,1900]	6044
["classical",8,2000]	4178
["classical",8,2100]	1982
["classical",8,2200]	974
["classical",8,2300]	416
["classical",8,2400]	129
["classical",8,2500]	33
["classical",8,2600]	14
["classical",8,2700]	2
["classical",9,1500]	2560
["classical",9,1600]	7084
["classical",9,1700]	8486
["classical",9,1800]	8615
["classical",9,1900]	7020
["classical",9,2000]	4613
["classical",9,2100]	2341
["classical",9,2200]	1035
["classical",9,2300]	405
["classical",9,2400]	162
["classical",9,2500]	30
["classical",9,2600]	12
["classical_tournament",0,1500]	221
["classical_tournament",0,1600]	582
["classical_tournament",0,1700]	737
["classical_tournament",0,1800]	835
["classical_tournament",0,1900]	861
["classical_tournament",0,2000]	647
["classical_tournament",0,2100]	384
["classical_tournament",0,2200]	164
["classical_tournament",0,2300]	73
["classical_tournament",0,2400]	24
["classical_tournament",1,1500]	156
["classical_tournament",1,1600]	441
["classical_tournament",1,1700]	559
["classical_tournament",1,1800]	675
["classical_tournament",1,1900]	636
["classical_tournament",1,2000]	575
["classical_tournament",1,2100]	400
["classical_tournament",1,2200]	161
["classical_tournament",1,2300]	70
["classical_tournament",1,2400]	19
["classical_tournament",1,2500]	2
["classical_tournament",10,1500]	313
["classical_tournament",10,1600]	707
["classical_tournament",10,1700]	1037
["classical_tournament",10,1800]	1391
["classical_tournament",10,1900]	1302
["classical_tournament",10,2000]	973
["classical_tournament",10,2100]	646
["classical_tournament",10,2200]	320
["classical_tournament",10,2300]	125
["classical_tournament",10,2400]	23
["classical_tournament",10,2500]	1
["classical_tournament",11,1500]	274
["classical_tournament",11,1600]	749
["classical_tournament",11,1700]	1148
["classical_tournament",11,1800]	1481
["classical_tournament",11,1900]	1325
["classical_tournament",11,2000]	868
["classical_tournament",11,2100]	524
["classical_tournament",11,2200]	278
["classical_tournament",11,2300]	96
["classical_tournament",11,2400]	28
["classical_tournament",11,2500]	4
["classical_tournament",12,1500]	300
["classical_tournament",12,1600]	840
["classical_tournament",12,1700]	1167
["classical_tournament",12,1800]	1507
["classical_tournament",12,1900]	1453
["classical_tournament",12,2000]	1201
["classical_tournament",12,2100]	724
["classical_tournament",12,2200]	322
["classical_tournament",12,2300]	127
["classical_tournament",12,2400]	29
["classical_tournament",12,2500]	1
["classical_tournament",13,1500]	247
["classical_tournament",13,1600]	709
["classical_tournament",13,1700]	975
["classical_tournament",13,1800]	1189
["classical_tournament",13,1900]	1216
["classical_tournament",13,2000]	936
["classical_tournament",13,2100]	621
["classical_tournament",13,2200]	285
["classical_tournament",13,2300]	90
["classical_tournament",13,2400]	32
["classical_tournament",14,1500]	496
["classical_tournament",14,1600]	1218
["classical_tournament",14,1700]	1446
["classical_tournament",14,1800]	1574
["classical_tournament",14,1900]	1663
["classical_tournament",14,2000]	1239
["classical_tournament",14,2100]	770
["classical_tournament",14,2200]	335
["classical_tournament",14,2300]	114
["classical_tournament",14,2400]	45
["classical_tournament",14,2500]	5
["classical_tournament",15,1500]	217
["classical_tournament",15,1600]	730
["classical_tournament",15,1700]	1151
["classical_tournament",15,1800]	1243
["classical_tournament",15,1900]	1218
["classical_tournament",15,2000]	1017
["classical_tournament",15,2100]	695
["classical_tournament",15,2200]	302
["classical_tournament",15,2300]	117
["classical_tournament",15,2400]	33
["classical_tournament",15,2500]	3
["classical_tournament",16,1500]	362
["classical_tournament",16,1600]	1104
["classical_tournament",16,1700]	1431
["classical_tournament",16,1800]	1664
["classical_tournament",16,1900]	1723
["classical_tournament",16,2000]	1295
["classical_tournament",16,2100]	781
["classical_tournament",16,2200]	387
["classical_tournament",16,2300]	128
["classical_tournament",16,2400]	42
["classical_tournament",16,2500]	3
["classical_tournament",17,1500]	378
["classical_tournament",17,1600]	1055
["classical_tournament",17,1700]	1496
["classical_tournament",17,1800]	1832
["classical_tournament",17,1900]	1895
["classical_tournament",17,2000]	1238
["classical_tournament",17,2100]	687
["classical_tournament",17,2200]	328
["classical_tournament",17,2300]	115
["classical_tournament",17,2400]	40
["classical_tournament",17,2500]	4
["classical_tournament",18,1500]	25
["classical_tournament",18,1600]	66
["classical_tournament",18,1700]	67
["classical_tournament",18,1800]	115
["classical_tournament",18,1900]	109
["classical_tournament",18,2000]	69
["classical_tournament",18,2100]	46
["classical_tournament",18,2200]	14
["classical_tournament",18,2300]	1
["classical_tournament",18,2400]	3
["classical_tournament",19,1500]	370
["classical_tournament",19,1600]	1123
["classical_tournament",19,1700]	1598
["classical_tournament",19,1800]	1719
["classical_tournament",19,1900]	1791
["classical_tournament",19,2000]	1467
["classical_tournament",19,2100]	722
["classical_tournament",19,2200]	333
["classical_tournament",19,2300]	151
["classical_tournament",19,2400]	39
["classical_tournament",19,2500]	2
["classical_tournament",2,1500]	268
["classical_tournament",2,1600]	582
["classical_tournament",2,1700]	628
["classical_tournament",2,1800]	698
["classical_tournament",2,1900]	714
["classical_tournament",2,2000]	607
["classical_tournament",2,2100]	367
["classical_tournament",2,2200]	163
["classical_tournament",2,2300]	61
["classical_tournament",2,2400]	11
["classical_tournament",2,2500]	1
["classical_tournament",20,1500]	510
["classical_tournament",20,1600]	1243
["classical_tournament",20,1700]	1530
["classical_tournament",20,1800]	1702
["classical_tournament",20,1900]	1859
["classical_tournament",20,2000]	1623
["classical_tournament",20,2100]	824
["classical_tournament",20,2200]	388
["classical_tournament",20,2300]	161
["classical_tournament",20,2400]	56
["classical_tournament",20,2500]	17
["classical_tournament",20,2600]	2
["classical_tournament",21,1500]	169
["classical_tournament",21,1600]	462
["classical_tournament",21,1700]	650
["classical_tournament",21,1800]	811
["classical_tournament",21,1900]	814
["classical_tournament",21,2000]	721
["classical_tournament",21,2100]	429
["classical_tournament",21,2200]	237
["classical_tournament",21,2300]	77
["classical_tournament",21,2400]	33
["classical_tournament",21,2500]	8
["classical_tournament",22,1500]	275
["classical_tournament",22,1600]	783
["classical_tournament",22,1700]	889
["classical_tournament",22,1800]	1123
["classical_tournament",22,1900]	1190
["classical_tournament",22,2000]	916
["classical_tournament",22,2100]	481
["classical_tournament",22,2200]	280
["classical_tournament",22,2300]	95
["classical_tournament",22,2400]	31
["classical_tournament",23,1500]	235
["classical_tournament",23,1600]	659
["classical_tournament",23,1700]	749
["classical_tournament",23,1800]	898
["classical_tournament",23,1900]	960
["classical_tournament",23,2000]	671
["classical_tournament",23,2100]	340
["classical_tournament",23,2200]	172
["classical_tournament",23,2300]	71
["classical_tournament",23,2400]	10
["classical_tournament",3,1500]	148
["classical_tournament",3,1600]	395
["classical_tournament",3,1700]	446
["classical_tournament",3,1800]	497
["classical_tournament",3,1900]	489
["classical_tournament",3,2000]	474
["classical_tournament",3,2100]	308
["classical_tournament",3,2200]	130
["classical_tournament",3,2300]	57
["classical_tournament",3,2400]	7
["classical_tournament",4,1500]	164
["classical_tournament",4,1600]	420
["classical_tournament",4,1700]	494
["classical_tournament",4,1800]	602
["classical_tournament",4,1900]	643
["classical_tournament",4,2000]	561
["classical_tournament",4,2100]	326
["classical_tournament",4,2200]	103
["classical_tournament",4,2300]	57
["classical_tournament",4,2400]	6
["classical_tournament",4,2500]	6
["classical_tournament",5,1500]	180
["classical_tournament",5,1600]	401
["classical_tournament",5,1700]	541
["classical_tournament",5,1800]	575
["classical_tournament",5,1900]	737
["classical_tournament",5,2000]	462
["classical_tournament",5,2100]	254
["classical_tournament",5,2200]	100
["classical_tournament",5,2300]	38
["classical_tournament",5,2400]	9
["classical_tournament",5,2500]	1
["classical_tournament",5,2600]	3
["classical_tournament",6,1500]	8
["classical_tournament",6,1600]	31
["classical_tournament",6,1700]	15
["classical_tournament",6,1800]	31
["classical_tournament",6,1900]	29
["classical_tournament",6,2000]	18
["classical_tournament",6,2100]	8
["classical_tournament",6,2200]	4
["classical_tournament",6,2300]	1
["classical_tournament",7,1500]	219
["classical_tournament",7,1600]	536
["classical_tournament",7,1700]	648
["classical_tournament",7,1800]	836
["classical_tournament",7,1900]	835
["classical_tournament",7,2000]	634
["classical_tournament",7,2100]	501
["classical_tournament",7,2200]	209
["classical_tournament",7,2300]	78
["classical_tournament",7,2400]	33
["classical_tournament",7,2600]	1
["classical_tournament",8,1500]	364
["classical_tournament",8,1600]	716
["classical_tournament",8,1700]	790
["classical_tournament",8,1800]	987
["classical_tournament",8,1900]	924
["classical_tournament",8,2000]	776
["classical_tournament",8,2100]	578
["classical_tournament",8,2200]	243
["classical_tournament",8,2300]	104
["classical_tournament",8,2400]	44
["classical_tournament",9,1500]	96
["classical_tournament",9,1600]	264
["classical_tournament",9,1700]	343
["classical_tournament",9,1800]	444
["classical_tournament",9,1900]	389
["classical_tournament",9,2000]	342
["classical_tournament",9,2100]	236
["classical_tournament",9,2200]	119
["classical_tournament",9,2300]	48
["classical_tournament",9,2400]	14
["correspondence",0,1500]	19
["correspondence",0,1600]	64
["correspondence",0,1700]	33
["correspondence",0,1800]	64
["correspondence",0,1900]	41
["correspondence",0,2000]	22
["correspondence",0,2100]	12
["correspondence",0,2200]	8
["correspondence",0,2300]	6
["correspondence",0,2400]	1
["correspondence",1,1500]	33
["correspondence",1,1600]	74
["correspondence",1,1700]	46
["correspondence",1,1800]	54
["correspondence",1,1900]	35
["correspondence",1,2000]	38
["correspondence",1,2100]	15
["correspondence",1,2200]	9
["correspondence",1,2300]	6
["correspondence",1,2400]	2
["correspondence",10,1500]	44
["correspondence",10,1600]	60
["correspondence",10,1700]	100
["correspondence",10,1800]	65
["correspondence",10,1900]	66
["correspondence",10,2000]	53
["correspondence",10,2100]	17
["correspondence",10,2200]	11
["correspondence",10,2300]	2
["correspondence",10,2500]	1
["correspondence",11,1500]	50
["correspondence",11,1600]	85
["correspondence",11,1700]	114
["correspondence",11,1800]	55
["correspondence",11,1900]	68
["correspondence",11,2000]	54
["correspondence",11,2100]	42
["correspondence",11,2200]	11
["correspondence",11,2300]	8
["correspondence",11,2400]	2
["correspondence",12,1500]	50
["correspondence",12,1600]	95
["correspondence",12,1700]	87
["correspondence",12,1800]	83
["correspondence",12,1900]	38
["correspondence",12,2000]	38
["correspondence",12,2100]	18
["correspondence",12,2200]	23
["correspondence",12,2300]	9
["correspondence",12,2400]	1
["correspondence",13,1500]	36
["correspondence",13,1600]	83
["correspondence",13,1700]	88
["correspondence",13,1800]	76
["correspondence",13,1900]	52
["correspondence",13,2000]	59
["correspondence",13,2100]	22
["correspondence",13,2200]	14
["correspondence",13,2300]	7
["correspondence",13,2400]	5
["correspondence",13,2500]	1
["correspondence",14,1500]	45
["correspondence",14,1600]	92
["correspondence",14,1700]	101
["correspondence",14,1800]	70
["correspondence",14,1900]	87
["correspondence",14,2000]	50
["correspondence",14,2100]	41
["correspondence",14,2200]	21
["correspondence",14,2300]	7
["correspondence",14,2400]	2
["correspondence",14,2500]	3
["correspondence",15,1500]	34
["correspondence",15,1600]	113
["correspondence",15,1700]	116
["correspondence",15,1800]	90
["correspondence",15,1900]	68
["correspondence",15,2000]	70
["correspondence",15,2100]	31
["correspondence",15,2200]	12
["correspondence",15,2300]	12
["correspondence",15,2400]	2
["correspondence",15,2500]	1
["correspondence",16,1500]	50
["correspondence",16,1600]	123
["correspondence",16,1700]	124
["correspondence",16,1800]	90
["correspondence",16,1900]	73
["correspondence",16,2000]	71
["correspondence",16,2100]	28
["correspondence",16,2200]	21
["correspondence",16,2300]	3
["correspondence",16,2400]	5
["correspondence",16,2500]	2
["correspondence",17,1500]	67
["correspondence",17,1600]	139
["correspondence",17,1700]	110
["correspondence",17,1800]	73
["correspondence",17,1900]	76
["correspondence",17,2000]	68
["correspondence",17,2100]	25
["correspondence",17,2200]	19
["correspondence",17,2300]	6
["correspondence",17,2400]	3
["correspondence",17,2500]	1
["correspondence",18,1500]	59
["correspondence",18,1600]	138
["correspondence",18,1700]	115
["correspondence",18,1800]	89
["correspondence",18,1900]	85
["correspondence",18,2000]	76
["correspondence",18,2100]	40
["correspondence",18,2200]	13
["correspondence",18,2300]	8
["correspondence",18,2400]	5
["correspondence",19,1500]	57
["correspondence",19,1600]	148
["correspondence",19,1700]	120
["correspondence",19,1800]	99
["correspondence",19,1900]	69
["correspondence",19,2000]	71
["correspondence",19,2100]	40
["correspondence",19,2200]	31
["correspondence",19,2300]	8
["correspondence",19,2400]	2
["correspondence",2,1500]	29
["correspondence",2,1600]	76
["correspondence",2,1700]	40
["correspondence",2,1800]	38
["correspondence",2,1900]	32
["correspondence",2,2000]	27
["correspondence",2,2100]	21
["correspondence",2,2200]	9
["correspondence",2,2300]	5
["correspondence",20,1500]	48
["correspondence",20,1600]	150
["correspondence",20,1700]	112
["correspondence",20,1800]	86
["correspondence",20,1900]	82
["correspondence",20,2000]	52
["correspondence",20,2100]	40
["correspondence",20,2200]	22
["correspondence",20,2300]	11
["correspondence",20,2400]	4
["correspondence",21,1500]	57
["correspondence",21,1600]	117
["correspondence",21,1700]	98
["correspondence",21,1800]	88
["correspondence",21,1900]	80
["correspondence",21,2000]	54
["correspondence",21,2100]	29
["correspondence",21,2200]	20
["correspondence",21,2300]	7
["correspondence",21,2400]	2
["correspondence",21,2500]	1
["correspondence",22,1500]	45
["correspondence",22,1600]	71
["correspondence",22,1700]	73
["correspondence",22,1800]	70
["correspondence",22,1900]	73
["correspondence",22,2000]	36
["correspondence",22,2100]	17
["correspondence",22,2200]	14
["correspondence",22,2300]	3
["correspondence",22,2400]	1
["correspondence",23,1500]	31
["correspondence",23,1600]	59
["correspondence",23,1700]	52
["correspondence",23,1800]	52
["correspondence",23,1900]	46
["correspondence",23,2000]	32
["correspondence",23,2100]	16
["correspondence",23,2200]	11
["correspondence",23,2300]	4
["correspondence",23,2400]	2
["correspondence",3,1500]	30
["correspondence",3,1600]	64
["correspondence",3,1700]	43
["correspondence",3,1800]	27
["correspondence",3,1900]	24
["correspondence",3,2000]	21
["correspondence",3,2100]	16
["correspondence",3,2200]	4
["correspondence",3,2300]	2
["correspondence",4,1500]	21
["correspondence",4,1600]	46
["correspondence",4,1700]	49
["correspondence",4,1800]	37
["correspondence",4,1900]	29
["correspondence",4,2000]	26
["correspondence",4,2100]	7
["correspondence",4,2200]	7
["correspondence",4,2300]	2
["correspondence",4,2500]	1
["correspondence",5,1500]	14
["correspondence",5,1600]	38
["correspondence",5,1700]	48
["correspondence",5,1800]	34
["correspondence",5,1900]	44
["correspondence",5,2000]	43
["correspondence",5,2100]	13
["correspondence",5,2200]	10
["correspondence",5,2300]	4
["correspondence",6,1500]	9
["correspondence",6,1600]	57
["correspondence",6,1700]	45
["correspondence",6,1800]	39
["correspondence",6,1900]	59
["correspondence",6,2000]	47
["correspondence",6,2100]	21
["correspondence",6,2200]	15
["correspondence",6,2300]	4
["correspondence",7,1500]	21
["correspondence",7,1600]	47
["correspondence",7,1700]	78
["correspondence",7,1800]	74
["correspondence",7,1900]	52
["correspondence",7,2000]	38
["correspondence",7,2100]	12
["correspondence",7,2200]	10
["correspondence",7,2300]	2
["correspondence",7,2500]	4
["correspondence",8,1500]	34
["correspondence",8,1600]	79
["correspondence",8,1700]	76
["correspondence",8,1800]	69
["correspondence",8,1900]	50
["correspondence",8,2000]	51
["correspondence",8,2100]	13
["correspondence",8,2200]	12
["correspondence",8,2300]	5
["correspondence",8,2400]	3
["correspondence",9,1500]	19
["correspondence",9,1600]	72
["correspondence",9,1700]	85
["correspondence",9,1800]	66
["correspondence",9,1900]	66
["correspondence",9,2000]	42
["correspondence",9,2100]	29
["correspondence",9,2200]	16
["correspondence",9,2300]	9
["correspondence",9,2400]	5
["correspondence",9,2500]	2
["classical",11,2000]	5218
["classical",11,2100]	2707
["classical",11,2200]	1142
["classical",11,2300]	373
["classical",11,2400]	141
["classical",11,2500]	55
["classical",11,2600]	15
["classical",12,1500]	3139
["classical",12,1600]	8571
["classical",12,1700]	10367
["classical",12,1800]	10479
["classical",12,1900]	8245
["classical",12,2000]	5421
["classical",12,2100]	2832
["classical",12,2200]	1294
["classical",12,2300]	433
["classical",12,2400]	143
["classical",12,2500]	48
["classical",12,2600]	6
["classical",13,1500]	3289
["classical",13,1600]	9170
["classical",13,1700]	10970
["classical",13,1800]	11321
["classical",13,1900]	8871
["classical",13,2000]	5800
["classical",13,2100]	2886
["classical",13,2200]	1388
["classical",13,2300]	474
["classical",13,2400]	153
["classical",13,2500]	45
["classical",13,2600]	9
["classical",14,1500]	3311
["classical",14,1600]	9423
["classical",14,1700]	11338
["classical",14,1800]	12042
["classical",14,1900]	9179
["classical",14,2000]	5933
["classical",14,2100]	3031
["classical",14,2200]	1443
["classical",14,2300]	453
["classical",14,2400]	189
["classical",14,2500]	26
["classical",14,2600]	7
["classical",15,1500]	3479
["classical",15,1600]	10080
["classical",15,1700]	12202
["classical",15,1800]	12413
["classical",15,1900]	9688
["classical",15,2000]	6163
["classical",15,2100]	3306
["classical",15,2200]	1454
["classical",15,2300]	494
["classical",15,2400]	216
["classical",15,2500]	32
["classical",15,2600]	8
["classical",16,1500]	3632
["classical",16,1600]	10453
["classical",16,1700]	12132
["classical",16,1800]	12765
["classical",16,1900]	9874
["classical",16,2000]	6402
["bullet",18,1900]	9535
["bullet",18,2000]	7249
["bullet",18,2100]	4582
["bullet",18,2200]	2849
["bullet",18,2300]	1688
["bullet",18,2400]	918
["bullet",18,2500]	472
["bullet",18,2600]	116
["bullet",18,2700]	42
["bullet",18,2800]	12
["bullet",18,2900]	1
["bullet",19,1500]	2269
["bullet",19,1600]	6887
["bullet",19,1700]	8892
["bullet",19,1800]	9451
["bullet",19,1900]	9056
["bullet",19,2000]	6378
["bullet",19,2100]	4500
["bullet",19,2200]	2755
["bullet",19,2300]	1717
["bullet",19,2400]	796
["bullet",19,2500]	422
["bullet",19,2600]	124
["bullet",19,2700]	25
["bullet",19,2800]	1
["bullet",2,1500]	1005
["bullet",2,1600]	2790
["bullet",2,1700]	3716
["bullet",2,1800]	4067
["bullet",2,1900]	3354
["bullet",2,2000]	2715
["bullet",2,2100]	1619
["bullet",2,2200]	1122
["bullet",2,2300]	538
["bullet",2,2400]	284
["bullet",2,2500]	132
["bullet",2,2600]	55
["bullet",2,2700]	5
["bullet",2,2800]	2
["bullet",2,2900]	1
["bullet",2,3000]	1
["bullet",2,3100]	14
["bullet",20,1500]	2066
["bullet",20,1600]	6763
["bullet",20,1700]	8647
["bullet",20,1800]	9582
["bullet",20,1900]	8458
["bullet",20,2000]	6450
["bullet",20,2100]	4195
["bullet",20,2200]	2569
["bullet",20,2300]	1575
["bullet",20,2400]	873
["bullet",20,2500]	445
["bullet",20,2600]	164
["bullet",20,2700]	10
["bullet",20,2800]	3
["bullet",21,1500]	2080
["bullet",21,1600]	6398
["bullet",21,1700]	8381
["bullet",21,1800]	8733
["bullet",21,1900]	8401
["bullet",21,2000]	6486
["bullet",21,2100]	4270
["bullet",21,2200]	2733
["bullet",21,2300]	1557
["bullet",21,2400]	694
["bullet",21,2500]	327
["bullet",21,2600]	147
["bullet",21,2700]	15
["bullet",21,2800]	6
["bullet",21,2900]	13
["bullet",21,3000]	12
["bullet",22,1500]	1702
["bullet",22,1600]	5378
["bullet",22,1700]	7187
["bullet",22,1800]	7803
["bullet",22,1900]	6544
["bullet",22,2000]	4985
["bullet",22,2100]	3412
["bullet",22,2200]	2324
["bullet",22,2300]	1056
["bullet",22,2400]	473
["bullet",22,2500]	208
["bullet",22,2600]	89
["bullet",22,2700]	27
["bullet",22,2800]	20
["bullet",22,2900]	11
["bullet",22,3000]	6
["bullet",23,1500]	1537
["bullet",23,1600]	4779
["bullet",23,1700]	5976
["bullet",23,1800]	6642
["bullet",23,1900]	5584
["bullet",23,2000]	4262
["bullet",23,2100]	2791
["bullet",23,2200]	1935
["bullet",23,2300]	1087
["bullet",23,2400]	478
["bullet",23,2500]	232
["bullet",23,2600]	69
["bullet",23,2700]	18
["bullet",23,2800]	1
["bullet",23,2900]	2
["bullet",3,1500]	991
["bullet",3,1600]	2772
["bullet",3,1700]	3523
["bullet",3,1800]	3812
["bullet",3,1900]	3452
["bullet",3,2000]	2734
["bullet",3,2100]	1652
["bullet",3,2200]	967
["bullet",3,2300]	494
["bullet",3,2400]	282
["bullet",3,2500]	148
["bullet",3,2600]	43
["bullet",3,2700]	9
["bullet",3,2800]	7
["bullet",4,1500]	947
["bullet",4,1600]	2796
["bullet",4,1700]	3234
["bullet",4,1800]	3607
["bullet",4,1900]	3759
["bullet",4,2000]	2803
["bullet",4,2100]	1818
["bullet",4,2200]	818
["bullet",4,2300]	558
["bullet",4,2400]	292
["bullet",4,2500]	95
["bullet",4,2600]	32
["bullet",4,2700]	1
["bullet",4,2800]	3
["bullet",5,1500]	902
["blitz",13,1800]	15239
["blitz",13,1900]	12789
["blitz",13,2000]	9961
["blitz",13,2100]	6715
["blitz",13,2200]	3965
["blitz",13,2300]	2108
["blitz",13,2400]	1104
["blitz",13,2500]	457
["blitz",13,2600]	198
["blitz",13,2700]	33
["blitz",13,2800]	11
["blitz",14,1500]	4723
["blitz",14,1600]	13378
["blitz",14,1700]	16430
["blitz",14,1800]	16224
["blitz",14,1900]	13724
["blitz",14,2000]	10635
["blitz",14,2100]	7190
["blitz",14,2200]	4143
["blitz",14,2300]	2193
["blitz",14,2400]	1258
["blitz",14,2500]	495
["blitz",14,2600]	192
["blitz",14,2700]	26
["blitz",14,2800]	6
["blitz",15,1500]	4803
["blitz",15,1600]	13724
["blitz",15,1700]	16820
["blitz",15,1800]	17166
["blitz",15,1900]	14290
["blitz",15,2000]	10998
["blitz",15,2100]	7552
["blitz",15,2200]	4443
["blitz",15,2300]	2318
["blitz",15,2400]	1176
["blitz",15,2500]	508
["blitz",15,2600]	183
["blitz",15,2700]	36
["blitz",15,2800]	11
["blitz",16,1500]	5200
["blitz",16,1600]	14462
["blitz",16,1700]	18022
["blitz",16,1800]	18225
["blitz",16,1900]	14506
["blitz",16,2000]	11441
["blitz",16,2100]	7948
["blitz",16,2200]	4493
["blitz",16,2300]	2312
["blitz",16,2400]	1223
["blitz",16,2500]	433
["blitz",16,2600]	213
["blitz",16,2700]	34
["blitz",16,2800]	5
["blitz",17,1500]	5177
["blitz_tournament",2,2000]	1420
["blitz_tournament",2,2100]	823
["blitz_tournament",2,2200]	412
["blitz_tournament",2,2300]	160
["blitz_tournament",2,2400]	49
["blitz_tournament",2,2500]	9
["blitz_tournament",2,2600]	10
["blitz_tournament",2,2700]	3
["blitz_tournament",20,1500]	743
["blitz_tournament",20,1600]	2112
["blitz_tournament",20,1700]	3651
["blitz_tournament",20,1800]	4467
["blitz_tournament",20,1900]	4324
["blitz_tournament",20,2000]	3508
["blitz_tournament",20,2100]	1939
["blitz_tournament",20,2200]	1006
["blitz_tournament",20,2300]	421
["blitz_tournament",20,2400]	185
["blitz_tournament",20,2500]	46
["blitz_tournament",20,2600]	12
["blitz_tournament",20,2700]	4
["blitz_tournament",21,1500]	325
["blitz_tournament",21,1600]	1071
["blitz_tournament",21,1700]	1595
["blitz_tournament",21,1800]	1945
["blitz_tournament",21,1900]	1613
["blitz_tournament",21,2000]	570
["blitz_tournament",21,2100]	141
["blitz_tournament",21,2200]	75
["blitz_tournament",21,2300]	22
["blitz_tournament",21,2400]	12
["blitz_tournament",21,2500]	16
["blitz_tournament",21,2600]	3
["blitz_tournament",21,2700]	5
["blitz_tournament",22,1500]	582
["blitz_tournament",22,1600]	1930
["blitz_tournament",22,1700]	2663
["blitz_tournament",22,1800]	3281
["blitz_tournament",22,1900]	3329
["blitz_tournament",22,2000]	2390
["blitz_tournament",22,2100]	1288
["blitz_tournament",22,2200]	763
["blitz_tournament",22,2300]	274
["blitz_tournament",22,2400]	106
["blitz_tournament",22,2500]	24
["blitz_tournament",22,2600]	4
["blitz_tournament",22,2900]	1
["blitz_tournament",23,1500]	402
["blitz_tournament",23,1600]	1480
["blitz_tournament",23,1700]	2315
["blitz_tournament",23,1800]	2789
["blitz_tournament",23,1900]	2841
["blitz_tournament",23,2000]	2098
["blitz_tournament",23,2100]	1044
["blitz_tournament",23,2200]	606
["blitz_tournament",23,2300]	204
["blitz_tournament",23,2400]	87
["blitz_tournament",23,2500]	18
["blitz_tournament",23,2600]	3
["blitz_tournament",3,1500]	333
["blitz_tournament",3,1600]	1092
["blitz_tournament",3,1700]	1711
["blitz_tournament",3,1800]	2190
["blitz_tournament",3,1900]	2109
["blitz_tournament",3,2000]	1533
["blitz_tournament",3,2100]	880
["blitz_tournament",3,2200]	377
["blitz_tournament",3,2300]	176
["blitz_tournament",3,2400]	59
["blitz_tournament",3,2500]	8
["blitz_tournament",3,2600]	2
["blitz_tournament",3,2700]	2
["blitz_tournament",4,1500]	350
["blitz_tournament",4,1600]	910
["blitz_tournament",4,1700]	1314
["blitz_tournament",4,1800]	1933
["blitz_tournament",4,1900]	1718
["blitz_tournament",4,2000]	1439
["blitz_tournament",4,2100]	622
["blitz_tournament",4,2200]	321
["blitz_tournament",4,2300]	161
["blitz_tournament",4,2400]	44
["blitz_tournament",4,2500]	24
["blitz_tournament",4,2600]	3
["blitz_tournament",5,1500]	300
["blitz_tournament",5,1600]	968
["blitz_tournament",5,1700]	1453
["blitz_tournament",5,1800]	2290
["blitz_tournament",5,1900]	2109
["blitz_tournament",5,2000]	1681
["blitz_tournament",5,2100]	912
["blitz_tournament",5,2200]	423
["blitz_tournament",5,2300]	200
["blitz_tournament",5,2400]	56
["blitz_tournament",5,2500]	11
["blitz_tournament",5,2600]	4
["blitz_tournament",6,1500]	673
["blitz_tournament",6,1600]	1384
["blitz_tournament",6,1700]	1788
["blitz_tournament",6,1800]	2451
["blitz_tournament",6,1900]	1958
["blitz_tournament",6,2000]	1671
["blitz_tournament",6,2100]	828
["blitz_tournament",6,2200]	473
["blitz_tournament",6,2300]	228
["blitz_tournament",6,2400]	59
["blitz_tournament",6,2500]	27
["blitz_tournament",6,2600]	17
["blitz_tournament",6,2700]	4
["blitz_tournament",7,1500]	437
["blitz_tournament",7,1600]	1305
["blitz_tournament",7,1700]	1853
["blitz_tournament",7,1800]	2626
["blitz_tournament",7,1900]	2497
["blitz_tournament",7,2000]	1994
["blitz_tournament",7,2100]	966
["blitz_tournament",7,2200]	511
["blitz_tournament",7,2300]	249
["blitz_tournament",7,2400]	111
["blitz_tournament",7,2500]	14
["blitz_tournament",7,2600]	12
["blitz_tournament",7,2700]	1
["blitz_tournament",8,1500]	395
["blitz_tournament",8,1600]	1169
["blitz_tournament",8,1700]	1869
["blitz_tournament",8,1800]	2457
["blitz_tournament",8,1900]	2495
["blitz_tournament",8,2000]	1986
["blitz_tournament",8,2100]	1111
["blitz_tournament",8,2200]	396
["blitz_tournament",8,2300]	218
["blitz_tournament",8,2400]	95
["blitz_tournament",8,2500]	16
["blitz_tournament",8,2600]	13
["blitz_tournament",8,2700]	2
["blitz_tournament",9,1500]	272
["blitz_tournament",9,1600]	672
["blitz_tournament",9,1700]	1044
["blitz_tournament",9,1800]	1230
["blitz_tournament",9,1900]	973
["blitz_tournament",9,2000]	251
["blitz_tournament",9,2100]	13
["blitz_tournament",9,2200]	3
["bullet",0,1500]	1211
["bullet",0,1600]	3609
["bullet",0,1700]	4959
["bullet",0,1800]	5461
["bullet",0,1900]	4683
["bullet",0,2000]	3592
["bullet",0,2100]	2163
["bullet",0,2200]	1604
["bullet",0,2300]	917
["bullet",0,2400]	470
["bullet",0,2500]	244
["bullet",0,2600]	60
["bullet",0,2700]	6
["bullet",0,2800]	2
["bullet",1,1500]	1100
["bullet",1,1600]	3267
["bullet",1,1700]	4303
["bullet",1,1800]	4664
["bullet",1,1900]	3912
["bullet",1,2000]	2860
["bullet",1,2100]	1731
["bullet",1,2200]	1285
["bullet",1,2300]	627
["bullet",1,2400]	304
["bullet",1,2500]	177
["bullet",1,2600]	56
["bullet",1,2700]	5
["bullet",1,2800]	10
["bullet",10,1500]	1729
["bullet",10,1600]	4689
["bullet",10,1700]	6231
["bullet",10,1800]	6526
["bullet",10,1900]	5833
["bullet",10,2000]	4711
["bullet",10,2100]	3222
["bullet",10,2200]	2072
["bullet",10,2300]	1039
["bullet",10,2400]	597
["bullet",10,2500]	249
["bullet",10,2600]	123
["bullet",10,2700]	21
["bullet",10,2900]	1
["bullet",11,1500]	1845
["bullet",11,1600]	5367
["bullet",11,1700]	6864
["bullet",11,1800]	6543
["bullet",11,1900]	6136
["bullet",11,2000]	4990
["bullet",11,2100]	3543
["bullet",11,2200]	2122
["bullet",11,2300]	1058
["bullet",11,2400]	500
["bullet",11,2500]	254
["bullet",11,2600]	105
["bullet",11,2700]	25
["bullet",11,2800]	3
["bullet",11,2900]	1
["bullet",12,1500]	1815
["bullet",12,1600]	5868
["bullet",12,1700]	7268
["bullet",12,1800]	7487
["bullet",12,1900]	6716
["bullet",12,2000]	5056
["bullet",12,2100]	3536
["bullet",12,2200]	2049
["bullet",12,2300]	1347
["bullet",12,2400]	566
["bullet",12,2500]	246
["bullet",12,2600]	100
["bullet",12,2700]	54
["bullet",12,2800]	4
["bullet",13,1500]	2049
["bullet",13,1600]	6162
["bullet",13,1700]	7654
["bullet",13,1800]	8057
["bullet",13,1900]	7221
["bullet",13,2000]	5510
["bullet",13,2100]	3820
["bullet",13,2200]	2262
["bullet",13,2300]	1253
["bullet",13,2400]	677
["bullet",13,2500]	262
["bullet",13,2600]	126
["bullet",13,2700]	79
["bullet",13,2800]	5
["bullet",14,1500]	2145
["bullet",14,1600]	6790
["bullet",14,1700]	8135
["bullet",14,1800]	8339
["bullet",14,1900]	7982
["bullet",14,2000]	6130
["bullet",14,2100]	4323
["bullet",14,2200]	2565
["bullet",14,2300]	1397
["bullet",14,2400]	713
["bullet",14,2500]	321
["bullet",14,2600]	118
["bullet",14,2700]	74
["bullet",14,2900]	2
["bullet",15,1500]	2433
["bullet",15,1600]	6782
["bullet",15,1700]	8900
["bullet",15,1800]	8907
["bullet",15,1900]	8650
["bullet",15,2000]	6935
["bullet",15,2100]	4394
["bullet",15,2200]	2786
["bullet",15,2300]	1425
["bullet",15,2400]	866
["bullet",15,2500]	404
["bullet",15,2600]	127
["bullet",15,2700]	28
["bullet",15,2800]	5
["bullet",16,1500]	2480
["bullet",16,1600]	6954
["bullet",16,1700]	9119
["bullet",16,1800]	9383
["bullet",16,1900]	8585
["bullet",16,2000]	6620
["bullet",16,2100]	4254
["bullet",16,2200]	2479
["bullet",16,2300]	1454
["bullet",16,2400]	757
["bullet",16,2500]	344
["bullet",16,2600]	99
["bullet",16,2700]	42
["bullet",16,2800]	4
["bullet",17,1500]	2201
["bullet",17,1600]	6784
["bullet",17,1700]	9403
["bullet",17,1800]	10419
["bullet",17,1900]	9154
["bullet",17,2000]	6410
["bullet",17,2100]	4278
["bullet",17,2200]	2530
["bullet",17,2300]	1599
["bullet",17,2400]	874
["bullet",17,2500]	421
["bullet",17,2600]	132
["bullet",17,2700]	50
["bullet",17,2800]	3
["bullet",18,1500]	2264
["bullet",18,1600]	7151
["bullet",18,1700]	9454
["bullet",18,1800]	9999
["blitz",0,1500]	2581
["blitz",0,1600]	6706
["blitz",0,1700]	8422
["blitz",0,1800]	8650
["blitz",0,1900]	7178
["blitz",0,2000]	5784
["blitz",0,2100]	3772
["blitz",0,2200]	2326
["blitz",0,2300]	1263
["blitz",0,2400]	544
["blitz",0,2500]	216
["blitz",0,2600]	53
["blitz",0,2700]	25
["blitz",0,2800]	4
["blitz",1,1500]	2209
["blitz",1,1600]	5885
["blitz",1,1700]	7295
["blitz",1,1800]	7479
["blitz",1,1900]	6218
["blitz",1,2000]	5124
["blitz",1,2100]	3150
["blitz",1,2200]	1806
["blitz",1,2300]	931
["blitz",1,2400]	460
["blitz",1,2500]	211
["blitz",1,2600]	42
["blitz",1,2700]	28
["blitz",1,2800]	2
["blitz",10,1500]	3618
["blitz",10,1600]	10879
["blitz",10,1700]	12642
["blitz",10,1800]	12812
["blitz",10,1900]	10395
["blitz",10,2000]	8158
["blitz",10,2100]	5620
["blitz",10,2200]	3283
["blitz",10,2300]	1932
["blitz",10,2400]	985
["blitz",10,2500]	314
["blitz",10,2600]	161
["blitz",10,2700]	27
["blitz",10,2800]	4
["blitz",11,1500]	3851
["blitz",11,1600]	11223
["blitz",11,1700]	13696
["blitz",11,1800]	14156
["blitz",11,1900]	11412
["blitz",11,2000]	8836
["blitz",11,2100]	5966
["blitz",11,2200]	3483
["blitz",11,2300]	1931
["blitz",11,2400]	1174
["blitz",11,2500]	390
["blitz",11,2600]	154
["blitz",11,2700]	32
["blitz",11,2800]	5
["blitz",12,1500]	4006
["blitz",12,1600]	11626
["blitz",12,1700]	14447
["blitz",12,1800]	14815
["blitz",12,1900]	12005
["blitz",12,2000]	9546
["blitz",12,2100]	6380
["blitz",12,2200]	3728
["blitz",12,2300]	2074
["blitz",12,2400]	973
["blitz",12,2500]	482
["blitz",12,2600]	203
["blitz",12,2700]	42
["blitz",12,2800]	10
["blitz",13,1500]	4368
["blitz",13,1600]	12692
["blitz",13,1700]	15585
["bullet",5,1600]	2852
["bullet",5,1700]	3510
["bullet",5,1800]	3619
["bullet",5,1900]	3744
["bullet",5,2000]	2820
["bullet",5,2100]	1958
["bullet",5,2200]	892
["bullet",5,2300]	562
["bullet",5,2400]	287
["bullet",5,2500]	99
["bullet",5,2600]	55
["bullet",5,2700]	2
["bullet",5,2800]	3
["bullet",6,1500]	929
["bullet",6,1600]	2605
["bullet",6,1700]	3776
["bullet",6,1800]	4063
["bullet",6,1900]	3838
["bullet",6,2000]	2993
["bullet",6,2100]	1874
["bullet",6,2200]	900
["bullet",6,2300]	555
["bullet",6,2400]	338
["bullet",6,2500]	107
["bullet",6,2600]	54
["bullet",6,2700]	2
["bullet",7,1500]	1108
["bullet",7,1600]	3363
["bullet",7,1700]	4423
["bullet",7,1800]	4587
["bullet",7,1900]	4419
["bullet",7,2000]	3205
["bullet",7,2100]	2132
["bullet",7,2200]	1222
["bullet",7,2300]	698
["bullet",7,2400]	458
["bullet",7,2500]	154
["bullet",7,2600]	60
["bullet",7,2700]	11
["bullet",8,1500]	1297
["bullet",8,1600]	4139
["bullet",8,1700]	5296
["bullet",8,1800]	5531
["bullet",8,1900]	4819
["bullet",8,2000]	3562
["bullet",8,2100]	2680
["bullet",8,2200]	1712
["bullet",8,2300]	868
["bullet",8,2400]	497
["bullet",8,2500]	143
["bullet",8,2600]	88
["bullet",8,2700]	24
["bullet",9,1500]	1634
["bullet",9,1600]	4977
["bullet",9,1700]	5839
["bullet",9,1800]	5873
["bullet",9,1900]	5862
["bullet",9,2000]	4254
["bullet",9,2100]	3005
["bullet",9,2200]	1896
["bullet",9,2300]	1072
["bullet",9,2400]	503
["bullet",9,2500]	136
["bullet",9,2600]	83
["bullet",9,2700]	5
["bullet_tournament",0,1500]	352
["bullet_tournament",0,1600]	1219
["bullet_tournament",0,1700]	1568
["bullet_tournament",0,1800]	1930
["bullet_tournament",0,1900]	1983
["bullet_tournament",0,2000]	1781
["bullet_tournament",0,2100]	1025
["bullet_tournament",0,2200]	613
["bullet_tournament",0,2300]	316
["bullet_tournament",0,2400]	206
["bullet_tournament",0,2500]	108
["bullet_tournament",0,2600]	43
["bullet_tournament",1,1500]	417
["bullet_tournament",1,1600]	938
["bullet_tournament",1,1700]	1521
["bullet_tournament",1,1800]	1896
["bullet_tournament",1,1900]	2035
["bullet_tournament",1,2000]	1727
["bullet_tournament",1,2100]	1056
["bullet_tournament",1,2200]	698
["bullet_tournament",1,2300]	326
["bullet_tournament",1,2400]	209
["bullet_tournament",1,2500]	125
["bullet_tournament",1,2600]	51
["bullet_tournament",1,2700]	6
["bullet_tournament",10,1500]	575
["bullet_tournament",10,1600]	1654
["bullet_tournament",10,1700]	1977
["bullet_tournament",10,1800]	2329
["bullet_tournament",10,1900]	2750
["bullet_tournament",10,2000]	2357
["bullet_tournament",10,2100]	1415
["bullet_tournament",10,2200]	923
["bullet_tournament",10,2300]	493
["bullet_tournament",10,2400]	288
["bullet_tournament",10,2500]	78
["bullet_tournament",10,2600]	7
["bullet_tournament",10,2700]	9
["bullet_tournament",10,2800]	1
["bullet_tournament",11,1500]	654
["bullet_tournament",11,1600]	1887
["bullet_tournament",11,1700]	2700
["bullet_tournament",11,1800]	3133
["bullet_tournament",11,1900]	3945
["bullet_tournament",11,2000]	3555
["bullet_tournament",11,2100]	2116
["bullet_tournament",11,2200]	1422
["bullet_tournament",11,2300]	727
["bullet_tournament",11,2400]	498
["bullet_tournament",11,2500]	150
["bullet_tournament",11,2600]	14
["bullet_tournament",11,2700]	10
["bullet_tournament",12,1500]	578
["bullet_tournament",12,1600]	1687
["bullet_tournament",12,1700]	2348
["bullet_tournament",12,1800]	2468
["bullet_tournament",12,1900]	2958
["bullet_tournament",12,2000]	2415
["bullet_tournament",12,2100]	1572
["bullet_tournament",12,2200]	1012
["bullet_tournament",12,2300]	586
["bullet_tournament",12,2400]	263
["bullet_tournament",12,2500]	61
["bullet_tournament",12,2600]	21
["bullet_tournament",12,2700]	4
["bullet_tournament",13,1500]	737
["bullet_tournament",13,1600]	1925
["bullet_tournament",13,1700]	2531
["bullet_tournament",13,1800]	3137
["bullet_tournament",13,1900]	3238
["bullet_tournament",13,2000]	2675
["bullet_tournament",13,2100]	1678
["bullet_tournament",13,2200]	1206
["bullet_tournament",13,2300]	713
["bullet_tournament",13,2400]	368
["bullet_tournament",13,2500]	88
["bullet_tournament",13,2600]	11
["bullet_tournament",13,2800]	2
["bullet_tournament",14,1500]	782
["bullet_tournament",14,1600]	2144
["bullet_tournament",14,1700]	2793
["bullet_tournament",14,1800]	3596
["bullet_tournament",14,1900]	3819
["bullet_tournament",14,2000]	2706
["bullet_tournament",14,2100]	1798
["bullet_tournament",14,2200]	1244
["bullet_tournament",14,2300]	771
["bullet_tournament",14,2400]	390
["bullet_tournament",14,2500]	134
["bullet_tournament",14,2600]	33
["bullet_tournament",14,2700]	5
["bullet_tournament",14,2800]	1
["bullet_tournament",15,1500]	746
["bullet_tournament",15,1600]	2245
["bullet_tournament",15,1700]	2844
["bullet_tournament",15,1800]	3300
["bullet_tournament",15,1900]	3787
["bullet_tournament",15,2000]	3206
